{"model": "MLP", "train_losses": [0.46488043665885925, 0.4117301106452942, 0.36162641644477844, 0.3475697338581085, 0.3205929398536682, 0.29200175404548645, 0.29806211590766907, 0.25743329524993896, 0.2528889775276184, 0.24349001049995422], "train_accs": [0.83825, 0.8547291666666667, 0.8714583333333333, 0.8763958333333334, 0.8845, 0.8952291666666666, 0.891375, 0.9080625, 0.9094791666666666, 0.9114166666666667], "val_losses": [0.4774334132671356, 0.43152227997779846, 0.3950642943382263, 0.38935333490371704, 0.36404532194137573, 0.34638214111328125, 0.35711392760276794, 0.32181286811828613, 0.32665279507637024, 0.32390034198760986], "val_accs": [0.8323333333333334, 0.8485833333333334, 0.8635833333333334, 0.86575, 0.87025, 0.8790833333333333, 0.86975, 0.8839166666666667, 0.88325, 0.8861666666666667], "best_val_epoch": 10, "lr": 0.0001, "batch_size": 256}