{"model": "CNN", "num_epochs": 10, "lr": 0.0001, "batch_size": 256, "eval_iterations": 5, "acc_scores": [0.9071, 0.9032, 0.8983, 0.9003, 0.9034], "mean_acc": 0.9024599999999999, "var_acc": 8.986400000000057e-06}