{"model": "CNN", "train_losses": [0.4874807298183441, 0.40202948451042175, 0.3530363142490387, 0.3197844922542572, 0.3038364052772522, 0.2702591121196747, 0.24771028757095337, 0.23755799233913422, 0.2245459407567978, 0.21128928661346436], "train_accs": [0.8261458333333334, 0.8600208333333333, 0.8747291666666667, 0.8849166666666667, 0.887625, 0.9028333333333334, 0.90975, 0.9138958333333334, 0.9170416666666666, 0.923125], "val_losses": [0.4909587502479553, 0.41024962067604065, 0.3748072683811188, 0.34821945428848267, 0.34343868494033813, 0.31215399503707886, 0.2979503273963928, 0.29365283250808716, 0.28888165950775146, 0.277466356754303], "val_accs": [0.82325, 0.8555, 0.8660833333333333, 0.8756666666666667, 0.8749166666666667, 0.8858333333333334, 0.892, 0.8915833333333333, 0.894, 0.8976666666666666], "best_val_epoch": 10, "lr": 0.0001, "batch_size": 256}