{"model": "MLP", "num_epochs": 10, "lr": 0.0001, "batch_size": 256, "eval_iterations": 5, "acc_scores": [0.8885, 0.8814, 0.8773, 0.8822, 0.883], "mean_acc": 0.8824799999999999, "var_acc": 1.2917599999999981e-05}